ATGACGAGCTGAGAGCAAGAGCG	0	0
GAAGTCGGGTGGGCGGGGTCATT	0	1
CGCCGCTTCTACATAGTATCGTT	0	2
GAGTTCTGTCCCTCTGCACTTGC	0	3
TTATGAATCTAATGCCCGTCGGA	0	4
TTTAGCTTCGCCTTCGGGATTCA	0	5
GGAGCGAAGTAAACCCGTTGCGA	1	0
TGCAATCACCGCGCTGAGAAATG	1	1
AATGAGCATAAAAGCGATTTAAA	1	2
CATCTGCTCGACTAGTCGGTAAA	1	3
ATCCACGCTGTATACTAAAATTG	1	4
CGCGCACATCATGGTGCTTATCC	1	5
ATTTCAGCGTTCAGATACTTTCA	2	0
TAACCGACGGTCTATCAGTGACC	2	1
CAGGATCTAATTGCGCTTGCAAT	2	2
TGCCGTATATGAAAAGGACCTTT	2	3
AAGTCGATATGGGTAGACATGAT	2	4
TCGGTTCGCGCCCGATAGATCGT	2	5
CGAAGTGACTAATACCGACGAGG	3	0
TGATGTATCATCTGGGGGTGCTT	3	1
AATATAGTCAAGGTTGACGGGAG	3	2
CTAAGGATTCATCTTCTCCCGGA	3	3
TGTGTGATTTTTTTGGATTAGTA	3	4
AGTGCGTAGAAGATGCAGCTGAG	3	5
GCTTCGGTAGATGAAAGTCCGGC	4	0
AGAGATCTGCTTATGGGCGATCG	4	1
ATTCGGCTCAACGGCAGGAGTTA	4	2
TTGTCGCGGTCGCCTTGGCCTAA	4	3
GTATCTGTTATCCGTAAGCAGGA	4	4
TCCAGAAGTTCCTGCGGGTAGTC	4	5
AACGCGTTGGCATCTCCTTACGC	5	0
TTTCAGTGATCCTTGGGATCGAG	5	1
GTTCAGAGTGAGAACCCGCCGGT	5	2
TGGCCATGCAATGTGGGAATTAC	5	3
TAGCTGTTATCCCGAAGCGACAA	5	4
CAGTTGAACCCCACAACATGCGA	5	5
GACTCCAGCGATGCTAGTCCACC	6	0
AGGAACATTAACACCACTCCATT	6	1
CCTCCAACTTTCATTTAGCTTTA	6	2
ACAGTTCGCGTACTGTGGATGGT	6	3
GCGGGTTGAACCGCAATCCCAGT	6	4
GCACTCACGATGATGTTATCGTC	6	5
CTCAATCGCCATGTCACACACGA	7	0
AAGATCCCCGAATTCATAAAGGA	7	1
TGAAGGAGAGACATTGTTTGTTG	7	2
TCTTCCGACACCTGCAATGTCTG	7	3
ATAATGGGGGAGAAATTAGCTGT	7	4
CCTCTTTATGACCTCTGCTCTAG	7	5
CCGAGGACGGGACTCTTACAGTG	8	0
ACGGTCAGCCAGCTCAGAGTCCG	8	1
TTCCTTCCACCAGTAATGAAAAT	8	2
GTCACAGAACCTGACGTGCCGCT	8	3
GCAAGTGTATTAACGAATGATGT	8	4
GTCAACCCATAGTAATCCGCCAT	8	5
CTCCAGAGACTGAAGCGTCCAGT	9	0
AAATTGGGGAGCGGTCAGCTGTA	9	1
TGCACGTCTATCTATTCCTGCAG	9	2
GCGAGGTGCATCGGGCAAGTTCC	9	3
CGGGGTGGCTTAGGACTCTGGGG	9	4
CGGGGTGGTGAGCTTTGGAATTC	9	5
