TAGACCCCCGGCCCGGGGGCTCT	0	0
TCTGGTCAAGACGGACCGGCACT	0	1
GGCGAATCGGCACTCAGCTGAGG	0	2
TGTGCGATGCAATCCAGAGATCG	0	3
GCACTTATCCTTGAAGGGGGCCT	0	4
CGTGTTGATTGAGGCGGTCAACT	0	5
TTCATAGAAACTCTTATACCAGT	1	0
AGTGCAACAACGCTTGAATATCT	1	1
TTAAGCCCTTCATTAGGGAGTAG	1	2
GGTGCGGTCCAGTCGTCGCACAT	1	3
CATCCGTTACTTACTCGACTAGT	1	4
GCACTGTGGGTAGAATAAGGTCT	1	5
CGTCAGTCATAGTACTCTATGAA	2	0
GTGACTAATCTACAGTCCCCCAT	2	1
CGGTTGACACCTTGAAAGCCTCA	2	2
CGGACATCCAACTTACACAGGTT	2	3
CCGCACCAAGTGCGAGGCGTATT	2	4
TATCCTTACGTTTCGACAGGCGG	2	5
AGTTCAAGAGAGGCAGACACCCC	3	0
AGTCCTGGTTTTCTTTCGCGAAT	3	1
GCTGTGTTAATCGAAAAATCTAG	3	2
TACATTGCCAGTGTTGGTCCCAC	3	3
GGCTTTGATTGTGCCGCGGCAGT	3	4
CGAACATTATATCGAGATCAAAG	3	5
TGTATAATTCGTTCTCTCTTTTG	4	0
GGGGAACGTTGCAGCTGTCGGCC	4	1
ACGGAACGGGACATCCGTAGCAT	4	2
CTTGCGTGTTTTACCGGTTCCAT	4	3
TTGCGTCGATCCAACCTTCAGGA	4	4
GCTTATGTTCGCGCGACCACCTG	4	5
AGAGAGGGTTTTATGATACACTG	5	0
TTGGACATTACAGTCGATCTGAC	5	1
TTGGACTACGATCACTCACCGCC	5	2
ACGTGACTGTAACACAGATGGAC	5	3
GCTCTACGAAGCGTCCTATAACC	5	4
GTCCAGGGCGACATGTTTAAGAA	5	5
GTTGTCACTTCGACATCTCATAG	6	0
AATTCGAGCTCAACAAAATTTTC	6	1
TTGGCGTTGTCGGTACCGATGCG	6	2
GGGAATAGTATGGTCCTGTGAGC	6	3
CCTAACGAGCTGTTTCATAAATC	6	4
ACTAGAAGGACGCTGAGCTCACT	6	5
TTCCTGATAAAACTCGCCTCTAT	7	0
TATTCGTGAATCGCCCACTTATG	7	1
ACACCGGGGTTATGGGTCAAGAC	7	2
CTCGAAGCGCTCGCTATACCGTT	7	3
TAGGTATGGGACACGTTCCCGCC	7	4
TCCCGATCCTCGATGGAGTGATG	7	5
GGGACAGACCGTGATATAGCATT	8	0
AGCAATCTCTATTATAGTAGAGT	8	1
ACGAAAGGATCTTATAAGTCCGG	8	2
TAAACAAATTCCATACTAAGCGC	8	3
ATTGTGGATGATTAGCATACGTT	8	4
TGAAAGCACCGCTCCTCGCCTCG	8	5
GGTCGGTTGTCTCACCCGGGCAA	9	0
ACTTAAGACACTATAGTCAGATA	9	1
ACTATAAAATCCCCGACCACTTC	9	2
GACACCGAGACGATTTTGATAGG	9	3
CTAGCTCTGATCAACGCTTAGGT	9	4
CTTATTTCAGCACCGCAAACAAT	9	5
